TestID, PredictedProbability
1,0.744063161
2,0.246222564
3,0.999782006
4,0.004171609
5,0.259884872
6,0.033497055
7,0.187933404
8,0.059648273
9,0.999525911
10,0.969675842
11,0.999782006
12,0.006657427
13,0.004171609
14,1.000000000
15,0.759421012
16,0.971361489
17,0.999782006
18,0.999782006
19,0.854634831
20,0.002208421
21,0.999782006
22,0.999782006
23,0.000782544
24,0.999782006
25,0.001374011
26,0.997737350
27,0.932421378
28,0.000963659
29,0.000437862
30,0.042528273
31,0.001863686
32,0.999842284
33,0.000000000
34,0.004984308
35,0.998762579
36,0.996700064
37,0.100364838
38,0.958396685
39,0.696263570
40,0.999782006
41,0.996211546
42,0.998359567
43,0.992133379
44,0.998588385
45,0.999439613
46,0.002058070
47,0.997047625
48,0.999782006
49,0.692960952
50,0.258693923
51,0.002976491
52,0.332985202
53,0.977759925
54,0.999782006
55,0.667735295
56,0.999782006
57,0.999782006
58,0.063990649
59,0.999842284
60,0.999782006
61,0.999842284
62,0.350945560
63,0.810836728
64,0.932830588
65,1.000000000
66,1.000000000
67,1.000000000
68,0.000437862
69,0.999842284
70,0.999782006
71,0.999842284
72,0.999842284
73,0.975727472
74,0.001863686
75,0.922700325
76,0.029939753
77,0.552966304
78,0.998762579
79,0.999782006
80,0.001863686
81,0.999782006
82,0.000437862
83,0.999842284
84,0.000437862
85,0.999782006
86,0.999842284
87,0.302753531
88,0.995802896
89,0.000559268
90,0.999842284
91,0.998762579
92,0.030125993
93,0.998762579
94,0.999782006
95,0.000525772
96,0.276270921
97,0.999842284
98,0.923066062
99,0.999782006
100,0.999782006
101,0.998806354
102,0.998762579
103,1.000000000
104,0.855442537
105,0.997072737
106,0.965235383
107,0.999782006
108,0.999842284
109,0.057235474
110,0.365995213
111,0.400717935
112,0.580052693
113,0.724165890
114,0.999842284
115,0.001863686
116,0.355207494
117,0.999782006
118,0.999399387
119,0.999842284
120,0.964867317
121,0.998872404
122,0.001863686
123,0.001863686
124,0.998359567
125,0.998762579
126,0.000437862
127,0.000525772
128,0.091961291
129,0.001863686
130,0.029939753
131,0.999095157
132,0.493839855
133,1.000000000
134,0.000437862
135,0.999842284
136,0.000611132
137,0.001863686
138,0.374298657
139,0.998762579
140,0.520103582
141,0.153099322
142,0.000437862
143,0.999782006
